{"cameraMode":{"drawMode":0,"name":"Shaded","section":"Shading Mode"},"sceneLighting":true,"audioPlay":false,"sceneViewState":{"m_AlwaysRefresh":false,"showFog":true,"showSkybox":true,"showFlares":true,"showImageEffects":true,"showParticleSystems":true,"showVisualEffectGraphs":true,"m_FxEnabled":true},"in2DMode":false,"pivot":{"x":3.7026658058166506,"y":-3.441718101501465,"z":24.005067825317384},"rotation":{"x":0.10867306590080261,"y":0.013419745489954949,"z":-0.0014670176897197962,"w":0.9939858317375183},"size":16.47317886352539,"orthographic":false}